{
  "timestamp": "2025-09-16T16:22:34.069523",
  "asyncio": {
    "test_name": "AsyncIO",
    "total_time_seconds": 1.0130770206451416,
    "sample_count": 1,
    "cpu_percent": {
      "average": 0,
      "max": 0,
      "min": 0
    },
    "memory_mb": {
      "average": 41.57421875,
      "max": 41.57421875,
      "min": 41.57421875,
      "final": 41.57421875
    },
    "thread_count": {
      "average": 10.0,
      "max": 10,
      "min": 10,
      "final": 10
    },
    "connections": {
      "average": 2.0,
      "max": 2,
      "final": 2
    }
  },
  "threading": {
    "test_name": "Threading",
    "total_time_seconds": 48.70604610443115,
    "sample_count": 48,
    "cpu_percent": {
      "average": 6.773333333333333,
      "max": 98.7,
      "min": 1.5
    },
    "memory_mb": {
      "average": 54.1357421875,
      "max": 55.2109375,
      "min": 41.46875,
      "final": 53.89453125
    },
    "thread_count": {
      "average": 38.479166666666664,
      "max": 40,
      "min": 10,
      "final": 32
    },
    "connections": {
      "average": 42.166666666666664,
      "max": 55,
      "final": 28
    }
  },
  "comparison": {
    "memory_improvement_percent": 23.203752142148463,
    "cpu_improvement_percent": 100.0,
    "thread_improvement_percent": 74.01191120736328
  }
}